{"coco/AP": 0.981836863189494, "coco/AP .5": 0.995049504950495, "coco/AP .75": 0.995049504950495, "coco/AP (M)": -1.0, "coco/AP (L)": 0.981836863189494, "coco/AR": 0.9878561736770692, "coco/AR .5": 0.9993215739484396, "coco/AR .75": 0.9979647218453189, "coco/AR (M)": -1.0, "coco/AR (L)": 0.9878561736770692}